0.177936,-0.373150,0.644636,0.003152,0.011358,0.273989,0.961661,-0.632320,0.566829,-0.288189,0.892357,-0.069079,-0.247702,-0.773321,-0.516154,-0.074397,1.377399,-0.549483,0.241244,-0.056148,0.005312,0.430436,-0.458969,0.131273,-0.686486,-0.758991,-0.155684,0.014364,0.204238,-0.586802,-0.180936,0.075463,-0.799679,0.212603,-0.086157,-0.223001,0.249445,0.009410,0.216247,0.279867,-0.141822,0.261795,0.037538,0.448136,-0.582794,0.041696,-0.249009,-0.591034,-0.194858,-0.271216,-0.346909,0.876428,0.115513,-0.463995,0.051079,0.876788,0.161152,0.113268,0.146949,0.969333,0.003834,-0.011076,-0.231689,0.972719
0.200939,-0.406728,0.668678,-0.003889,0.018681,0.285052,0.958322,-0.683587,0.578571,-0.200709,0.935542,-0.030088,-0.247722,-0.716545,-0.473638,-0.172917,1.330706,-0.503418,0.204436,-0.050336,0.003486,0.428696,-0.502592,0.145808,-0.695899,-0.747190,-0.177046,0.021002,0.201242,-0.625345,-0.216176,0.002522,-0.827806,0.199163,-0.085962,-0.206422,0.250547,0.007154,0.218825,0.275683,-0.150567,0.275692,0.053636,0.420904,-0.591839,0.044636,-0.208895,-0.610793,-0.189777,-0.275779,-0.363287,0.869456,0.082158,-0.503964,0.039484,0.858901,0.121226,0.110748,0.194884,0.966985,0.030700,0.008835,-0.240893,0.970026
0.223532,-0.439791,0.690397,-0.018369,0.022376,0.296479,0.954601,-0.744900,0.515579,-0.136220,1.099227,-0.059461,-0.247734,-0.705231,-0.411135,-0.238560,1.323760,-0.362353,0.208869,-0.052421,0.014049,0.429415,-0.543177,0.167467,-0.705717,-0.726815,-0.190071,0.032035,0.203049,-0.653415,-0.236184,-0.057597,-0.845736,0.196735,-0.080750,-0.204853,0.253188,0.000583,0.218028,0.271915,-0.162478,0.282893,0.059294,0.358203,-0.598061,0.053363,-0.165134,-0.617822,-0.170994,-0.270947,-0.381198,0.867201,0.068163,-0.528602,0.017209,0.845954,0.061412,0.134060,0.209190,0.966693,0.091310,0.075175,-0.242729,0.962857
0.246608,-0.472278,0.709525,-0.038941,0.022757,0.298834,0.953239,-0.783800,0.515347,-0.005526,1.228932,-0.091083,-0.247728,-0.754282,-0.299301,-0.263101,1.355626,-0.163840,0.246129,-0.053213,0.033013,0.429982,-0.570651,0.197215,-0.715009,-0.706680,-0.198965,0.040772,0.207146,-0.661107,-0.235055,-0.095597,-0.855149,0.204296,-0.071597,-0.211730,0.255785,-0.005392,0.214640,0.270092,-0.173250,0.282623,0.062851,0.295471,-0.600575,0.073656,-0.113623,-0.610170,-0.144043,-0.260495,-0.395182,0.869037,0.075669,-0.535030,-0.005204,0.841421,-0.008600,0.141258,0.249327,0.958023,0.175177,0.169097,-0.210361,0.946820
0.269932,-0.502997,0.717978,-0.050188,0.024545,0.288500,0.955849,-0.769008,0.514785,0.074714,1.277797,-0.164622,-0.247038,-0.814206,-0.212589,-0.245214,1.396898,-0.095924,0.247701,-0.037861,0.049826,0.425367,-0.591619,0.230158,-0.724146,-0.693024,-0.206819,0.048366,0.212931,-0.659645,-0.242496,-0.122155,-0.865702,0.178623,-0.065895,-0.207390,0.257095,-0.005270,0.212372,0.269021,-0.177071,0.282896,0.057579,0.260937,-0.604256,0.088584,-0.088379,-0.597465,-0.115264,-0.253668,-0.399523,0.873355,0.066591,-0.543352,-0.017609,0.836675,-0.038809,0.124813,0.261761,0.956241,0.197866,0.206255,-0.166445,0.943718
0.292469,-0.530849,0.717532,-0.064485,0.028024,0.284069,0.956222,-0.737266,0.538457,0.094286,1.275093,-0.240076,-0.230424,-0.824172,-0.286178,-0.154384,1.350087,-0.086188,0.247415,-0.028604,0.072270,0.417239,-0.609420,0.262622,-0.734249,-0.691015,-0.224518,0.052129,0.217374,-0.660951,-0.250676,-0.131256,-0.876863,0.157315,-0.066564,-0.200072,0.256252,-0.006652,0.212762,0.265721,-0.180938,0.283376,0.044076,0.262794,-0.606283,0.094439,-0.149704,-0.604962,-0.091957,-0.248200,-0.409133,0.873242,0.062474,-0.555083,-0.023544,0.829111,-0.020283,0.100355,0.267390,0.958134,0.141609,0.183215,-0.183783,0.955302
0.314596,-0.556482,0.707800,-0.077412,0.029410,0.288780,0.953807,-0.719848,0.586913,0.093690,1.261442,-0.343825,-0.213757,-0.814042,-0.390553,-0.035440,1.204418,-0.059792,0.239232,-0.036721,0.093786,0.409410,-0.624721,0.284842,-0.736744,-0.695334,-0.233719,0.050216,0.223867,-0.670881,-0.260728,-0.135043,-0.881580,0.159817,-0.064904,-0.198415,0.255199,-0.011463,0.215774,0.260982,-0.188627,0.284203,0.034021,0.281378,-0.604241,0.105866,-0.243742,-0.615141,-0.076018,-0.250159,-0.419694,0.869194,0.065185,-0.564664,-0.030342,0.822183,0.017766,0.052019,0.273710,0.960240,0.053361,0.134857,-0.201986,0.968591
0.336685,-0.579768,0.693592,-0.082541,0.028205,0.288351,0.953543,-0.736042,0.598218,-0.000645,1.279592,-0.426848,-0.243831,-0.789746,-0.432160,0.048383,1.022538,0.040284,0.071192,-0.048009,0.099608,0.402474,-0.630240,0.286705,-0.729689,-0.700112,-0.234819,0.041689,0.238104,-0.684396,-0.271443,-0.147881,-0.879117,0.161932,-0.059257,-0.199691,0.254567,-0.013962,0.220292,0.257306,-0.194999,0.287404,0.020363,0.312848,-0.588813,0.126984,-0.309247,-0.621427,-0.077794,-0.259454,-0.418281,0.866991,0.059241,-0.571481,-0.040069,0.817493,0.049747,0.025884,0.247763,0.967196,-0.083589,0.131539,-0.185243,0.970255
0.358866,-0.603173,0.678732,-0.088148,0.025626,0.293220,0.951628,-0.809489,0.564940,-0.122267,1.399295,-0.441564,-0.247559,-0.748586,-0.340033,0.189753,0.958051,0.075751,0.239238,-0.059564,0.098082,0.397354,-0.638200,0.268721,-0.721286,-0.698196,-0.236582,0.028790,0.242832,-0.694234,-0.280557,-0.171279,-0.880916,0.170231,-0.051835,-0.200387,0.254108,-0.017275,0.225653,0.253044,-0.201245,0.291273,0.013785,0.323613,-0.557617,0.127177,-0.328547,-0.624734,-0.091358,-0.271610,-0.418274,0.861933,0.051523,-0.577356,-0.051136,0.813259,0.068208,0.060907,0.222958,0.970530,-0.046385,0.141996,-0.120092,0.981460
0.380558,-0.626894,0.654759,-0.085758,0.019375,0.302149,0.949197,-0.924162,0.504470,-0.197639,1.604505,-0.448084,-0.247745,-0.722754,-0.299129,0.113110,1.056857,-0.227535,0.247446,-0.064676,0.087391,0.396743,-0.655431,0.221260,-0.711707,-0.679065,-0.230675,0.005206,0.248163,-0.705184,-0.305403,-0.212993,-0.884146,0.168109,-0.040667,-0.203340,0.255527,-0.020338,0.231843,0.250135,-0.206441,0.297014,0.018740,0.302745,-0.517705,0.099528,-0.279976,-0.634422,-0.118678,-0.289581,-0.410070,0.856680,0.028417,-0.583753,-0.066619,0.808694,0.056768,0.110412,0.214840,0.968726,-0.009304,0.049588,-0.095472,0.994153
0.399115,-0.649278,0.627311,-0.091007,0.011662,0.309980,0.946305,-1.066094,0.511872,-0.215209,1.778912,-0.418101,-0.247726,-0.764373,-0.273672,0.079151,1.231746,-0.435391,0.247754,-0.079811,0.077782,0.410334,-0.649996,0.151063,-0.705580,-0.649465,-0.229157,-0.020786,0.254584,-0.716897,-0.318746,-0.248461,-0.880569,0.173159,-0.026308,-0.210639,0.258821,-0.027249,0.230982,0.250653,-0.213718,0.297637,0.035281,0.280893,-0.479772,0.080060,-0.245420,-0.616784,-0.161802,-0.286531,-0.399944,0.855433,0.013849,-0.579179,-0.086200,0.810512,0.029656,0.138577,0.247677,0.958422,0.012430,0.010108,-0.090598,0.995759
0.414006,-0.668189,0.598572,-0.088508,0.013174,0.304881,0.948177,-1.178028,0.594893,-0.243461,1.842324,-0.369929,-0.246993,-0.836940,-0.246926,0.085816,1.385828,-0.548879,0.247750,-0.082636,0.058478,0.429098,-0.614484,0.071156,-0.695556,-0.614241,-0.217066,-0.047476,0.267510,-0.726559,-0.329867,-0.265058,-0.876182,0.164988,-0.014977,-0.198948,0.264069,-0.027824,0.224321,0.256026,-0.211856,0.298152,0.045323,0.286855,-0.456241,0.078811,-0.227810,-0.590575,-0.209353,-0.271972,-0.368265,0.864050,-0.008258,-0.571627,-0.085725,0.815981,0.020320,0.138315,0.301318,0.943220,0.021946,-0.004853,-0.081765,0.996398
0.424095,-0.682911,0.575694,-0.085968,0.017438,0.297419,0.950709,-1.225896,0.610853,-0.294412,1.884276,-0.428380,-0.232690,-0.907253,-0.221570,0.097978,1.500656,-0.622367,0.247731,-0.071826,0.039385,0.449276,-0.572261,0.003442,-0.694076,-0.578252,-0.216853,-0.067301,0.281762,-0.713256,-0.327230,-0.264182,-0.879740,0.140524,-0.013574,-0.185518,0.268990,-0.025411,0.213889,0.263489,-0.203841,0.294274,0.043200,0.295376,-0.439787,0.085045,-0.217110,-0.567085,-0.251418,-0.245596,-0.333717,0.874702,-0.027150,-0.559670,-0.077347,0.824652,0.046770,0.117455,0.305005,0.943922,0.027494,-0.017946,-0.071607,0.996892
0.428716,-0.691397,0.560026,-0.096332,0.025361,0.288596,0.952255,-1.231535,0.587880,-0.317201,1.893628,-0.549070,-0.247102,-0.979613,-0.197661,0.091847,1.578247,-0.646897,0.247760,-0.064076,0.033160,0.469425,-0.533301,-0.025695,-0.693252,-0.563623,-0.201856,-0.077287,0.281657,-0.679824,-0.301395,-0.245838,-0.880982,0.111171,-0.018736,-0.172024,0.271937,-0.022763,0.203327,0.270871,-0.197767,0.282853,0.045273,0.299612,-0.435742,0.100679,-0.203503,-0.549004,-0.264229,-0.226590,-0.311762,0.884107,-0.032724,-0.538106,-0.071716,0.839183,0.063732,0.065264,0.278320,0.956147,0.040103,-0.027919,-0.066746,0.996573
0.432525,-0.697278,0.549007,-0.105687,0.032837,0.281597,0.953129,-1.221781,0.607059,-0.310559,1.878320,-0.707419,-0.247681,-1.034009,-0.180885,0.082014,1.628620,-0.665122,0.247781,-0.059075,0.031402,0.483531,-0.494886,-0.027098,-0.689212,-0.564590,-0.184146,-0.076572,0.279829,-0.631883,-0.264969,-0.214747,-0.865008,0.079744,-0.021178,-0.160345,0.273280,-0.018460,0.193628,0.279286,-0.192740,0.267016,0.044825,0.303513,-0.439107,0.113626,-0.192692,-0.535962,-0.260510,-0.211181,-0.295679,0.894489,-0.032715,-0.502765,-0.068326,0.861097,0.085072,-0.010081,0.260930,0.961549,0.050906,-0.039466,-0.063034,0.995931
0.438094,-0.702259,0.543693,-0.105673,0.033897,0.280075,0.953542,-1.224473,0.650979,-0.302146,1.869464,-0.767950,-0.247744,-1.041319,-0.166410,0.079347,1.652182,-0.710188,0.247758,-0.050651,0.027081,0.492080,-0.470864,-0.017478,-0.693882,-0.566021,-0.178590,-0.063610,0.271565,-0.562683,-0.221502,-0.171853,-0.851014,0.058200,-0.029133,-0.139483,0.272998,-0.014991,0.185885,0.285060,-0.184094,0.249366,0.041599,0.306570,-0.440097,0.112575,-0.187122,-0.531662,-0.253286,-0.195831,-0.292630,0.901035,-0.027549,-0.462007,-0.053111,0.884856,0.094207,-0.043383,0.271403,0.956861,0.054432,-0.053299,-0.054637,0.995596
0.443830,-0.704517,0.545022,-0.101738,0.030917,0.280633,0.953907,-1.209140,0.661658,-0.297526,1.862123,-0.747408,-0.247757,-1.026579,-0.164835,0.080328,1.657954,-0.715310,0.247748,-0.039409,0.025809,0.495949,-0.462516,-0.009179,-0.708492,-0.569075,-0.175829,-0.048824,0.256310,-0.481588,-0.168210,-0.127055,-0.845665,0.045425,-0.044421,-0.114909,0.270878,-0.013770,0.182492,0.286121,-0.174559,0.232047,0.036265,0.307348,-0.442212,0.104912,-0.186828,-0.532257,-0.245735,-0.187907,-0.300700,0.902156,-0.012306,-0.424178,-0.035768,0.904788,0.093496,-0.030678,0.278330,0.955432,0.053915,-0.045521,-0.054191,0.996034
0.448957,-0.703803,0.551397,-0.100560,0.022226,0.277520,0.955184,-1.151788,0.681689,-0.271430,1.822853,-0.748475,-0.247730,-0.993127,-0.169317,0.072097,1.638492,-0.687763,0.247754,-0.030743,0.029382,0.495185,-0.462032,-0.005042,-0.722449,-0.579541,-0.167266,-0.037916,0.248502,-0.402300,-0.113431,-0.085103,-0.836922,0.027442,-0.057663,-0.110053,0.268074,-0.013442,0.183744,0.284564,-0.167726,0.215819,0.024497,0.309771,-0.453300,0.094981,-0.185761,-0.539368,-0.238455,-0.189889,-0.307438,0.901423,0.007184,-0.387446,-0.033814,0.921244,0.097730,-0.025908,0.281423,0.954243,0.056041,-0.025614,-0.059539,0.996322
0.455237,-0.701410,0.567609,-0.099972,0.012580,0.275131,0.956112,-1.072400,0.709378,-0.228638,1.759607,-0.742363,-0.247729,-0.944005,-0.176299,0.061318,1.598288,-0.636435,0.247771,-0.026266,0.036316,0.490317,-0.487681,-0.001845,-0.739235,-0.584969,-0.178297,-0.020202,0.253056,-0.324689,-0.086709,-0.032499,-0.839025,0.000262,-0.068159,-0.103340,0.266157,-0.017068,0.188370,0.279114,-0.160921,0.203936,0.009799,0.313526,-0.469910,0.082547,-0.185475,-0.551310,-0.234765,-0.191883,-0.320991,0.897235,0.014154,-0.358937,-0.024338,0.932937,0.102233,-0.021677,0.286717,0.952298,0.058220,0.003288,-0.067335,0.996025
0.463194,-0.698280,0.589021,-0.098481,0.001665,0.272651,0.957058,-0.977383,0.733333,-0.180874,1.686098,-0.704564,-0.247736,-0.896025,-0.177372,0.053568,1.557553,-0.533690,0.247789,-0.024669,0.043487,0.482084,-0.512366,0.006228,-0.757750,-0.588322,-0.182209,-0.007394,0.257011,-0.278469,-0.083742,0.009633,-0.841072,-0.012463,-0.071045,-0.105050,0.263259,-0.021296,0.192995,0.274485,-0.156332,0.198398,-0.009149,0.318034,-0.487724,0.069478,-0.184860,-0.562635,-0.226063,-0.196803,-0.336495,0.892712,0.020013,-0.343548,-0.014271,0.938813,0.104973,-0.002085,0.294420,0.949891,0.061682,0.056937,-0.076616,0.993521
0.472732,-0.695249,0.611398,-0.096789,-0.011674,0.265938,0.959048,-0.870122,0.768191,-0.122351,1.602634,-0.646678,-0.247732,-0.866553,-0.162850,0.047898,1.536527,-0.372100,0.247799,-0.024704,0.047861,0.471376,-0.521340,0.017047,-0.771364,-0.581228,-0.183638,0.000221,0.265335,-0.276463,-0.098744,0.028562,-0.842092,-0.023561,-0.067639,-0.121427,0.260843,-0.024335,0.193698,0.272512,-0.154892,0.200518,-0.033009,0.323826,-0.505463,0.059422,-0.179728,-0.568638,-0.215439,-0.194787,-0.344578,0.892698,0.017808,-0.346954,-0.012563,0.937629,0.108042,0.024437,0.310337,0.944151,0.069788,0.140396,-0.084636,0.984000
0.484134,-0.692679,0.637284,-0.094207,-0.025423,0.251535,0.962917,-0.761009,0.810654,-0.057923,1.526377,-0.542310,-0.247701,-0.858713,-0.158535,0.015059,1.525425,-0.223602,0.247760,-0.018303,0.046338,0.458015,-0.504354,0.026466,-0.779235,-0.563405,-0.184661,0.006320,0.274998,-0.309503,-0.122095,0.030565,-0.839413,-0.026138,-0.055255,-0.133974,0.258859,-0.023453,0.189299,0.274368,-0.152304,0.208618,-0.061037,0.328778,-0.518960,0.057855,-0.166063,-0.571860,-0.205746,-0.181910,-0.340127,0.899384,0.011660,-0.361929,-0.006288,0.932112,0.105744,0.072184,0.339613,0.931810,0.088674,0.208936,-0.099520,0.968802
0.497438,-0.691709,0.656870,-0.086453,-0.035272,0.234891,0.967527,-0.704358,0.829818,-0.050749,1.494038,-0.339392,-0.247356,-0.841549,-0.188922,-0.019377,1.484877,-0.173121,0.247762,-0.001634,0.035736,0.444872,-0.468996,0.020412,-0.784249,-0.541981,-0.175647,0.006054,0.280648,-0.360114,-0.148864,0.012690,-0.835515,-0.015183,-0.046553,-0.135072,0.256389,-0.018494,0.183980,0.278649,-0.147573,0.221327,-0.084015,0.335150,-0.518140,0.059802,-0.162845,-0.580606,-0.204340,-0.169818,-0.323506,0.908158,0.002864,-0.385962,0.006982,0.922484,0.090673,0.169457,0.373252,0.907604,0.099364,0.217796,-0.120412,0.963428
0.510793,-0.691008,0.673650,-0.074871,-0.036977,0.226202,0.970495,-0.715810,0.824001,-0.094794,1.482991,-0.146139,-0.237593,-0.809345,-0.238675,-0.011257,1.379492,-0.169425,0.247602,0.017521,0.021538,0.434546,-0.438658,0.005256,-0.797531,-0.511295,-0.173439,-0.005403,0.283202,-0.385594,-0.182349,-0.009926,-0.837251,-0.013345,-0.045938,-0.129864,0.253214,-0.015184,0.178879,0.280763,-0.142874,0.231801,-0.087743,0.346059,-0.511474,0.068020,-0.187323,-0.599120,-0.212754,-0.158498,-0.310480,0.912807,-0.017509,-0.405062,0.020708,0.913887,0.081059,0.253292,0.390075,0.881541,0.080806,0.181562,-0.135849,0.970593
0.523416,-0.689946,0.683243,-0.071275,-0.034454,0.230491,0.969849,-0.756168,0.772800,-0.116202,1.429579,-0.185005,-0.215127,-0.778303,-0.316636,0.002845,1.232199,-0.126847,0.243961,0.020703,0.013918,0.424888,-0.430279,-0.007211,-0.808539,-0.480895,-0.163030,-0.009863,0.285272,-0.382943,-0.208455,-0.034156,-0.834963,-0.023997,-0.044227,-0.129429,0.251320,-0.017738,0.176277,0.279927,-0.145242,0.236057,-0.056477,0.355997,-0.525444,0.083924,-0.230117,-0.617846,-0.211212,-0.153234,-0.309325,0.914454,-0.042755,-0.409862,0.016533,0.910995,0.097705,0.208352,0.350846,0.907717,0.048657,0.142621,-0.159606,0.975612
0.535699,-0.688183,0.686433,-0.071175,-0.029378,0.245923,0.966226,-0.787532,0.629284,-0.148575,1.311812,-0.271464,-0.246358,-0.742202,-0.421019,-0.052422,1.067902,-0.088839,0.163250,0.007351,0.010960,0.412570,-0.445242,-0.015310,-0.814643,-0.451893,-0.159728,-0.002069,0.294659,-0.358422,-0.218516,-0.055326,-0.831564,-0.038312,-0.035165,-0.146465,0.251080,-0.025330,0.176511,0.275568,-0.154111,0.235925,0.005161,0.361064,-0.556391,0.105318,-0.265839,-0.634643,-0.204068,-0.149775,-0.317952,0.913690,-0.062316,-0.401666,-0.008942,0.913620,0.088801,0.111678,0.256419,0.955977,-0.005019,0.093986,-0.201076,0.975044
0.548774,-0.686428,0.682451,-0.065102,-0.023371,0.264651,0.961860,-0.768222,0.482393,-0.193657,1.173815,-0.321680,-0.247709,-0.702811,-0.521945,-0.132980,0.927994,-0.086731,0.039354,-0.015603,0.007060,0.397276,-0.466143,-0.021797,-0.817018,-0.422494,-0.171887,0.004439,0.312073,-0.325958,-0.221820,-0.062551,-0.825155,-0.056274,-0.027660,-0.154370,0.251157,-0.034618,0.178029,0.268741,-0.162940,0.234458,0.055078,0.358752,-0.585747,0.121903,-0.299099,-0.643771,-0.202593,-0.144892,-0.328487,0.911076,-0.082573,-0.388842,-0.031112,0.917069,0.088875,0.045061,0.152960,0.983196,-0.079331,0.044720,-0.247381,0.964629
0.562116,-0.685536,0.673296,-0.053787,-0.024292,0.272929,0.960222,-0.733417,0.441755,-0.214826,1.187888,-0.407800,-0.247755,-0.694367,-0.592925,-0.162255,0.877485,-0.126079,-0.028692,-0.042433,0.002609,0.383746,-0.484264,-0.023498,-0.803979,-0.394696,-0.171268,0.006755,0.333327,-0.315356,-0.232412,-0.054395,-0.810336,-0.095067,-0.021161,-0.168087,0.253674,-0.041484,0.178902,0.263506,-0.169467,0.234633,0.041828,0.352388,-0.588276,0.125936,-0.328269,-0.639679,-0.196196,-0.144515,-0.329502,0.912168,-0.110244,-0.382062,-0.051780,0.916075,0.092485,0.031871,0.117267,0.988271,-0.134566,0.007476,-0.275919,0.951685
0.576257,-0.687690,0.659039,-0.044929,-0.032825,0.271220,0.960908,-0.724106,0.445242,-0.222462,1.252133,-0.466599,-0.247754,-0.723995,-0.626525,-0.130125,0.935565,-0.152346,-0.064562,-0.074459,-0.001955,0.376480,-0.484139,-0.030311,-0.780863,-0.369416,-0.184781,0.005495,0.369107,-0.322380,-0.258585,-0.023253,-0.790657,-0.146008,-0.016067,-0.176833,0.257487,-0.047172,0.176330,0.260207,-0.172758,0.234841,0.020305,0.348511,-0.578561,0.115112,-0.340934,-0.627314,-0.202825,-0.130617,-0.318004,0.916883,-0.146190,-0.378144,-0.059718,0.912178,0.096707,0.040118,0.116963,0.987602,-0.165257,0.017219,-0.282876,0.944656
0.591450,-0.692629,0.640487,-0.038872,-0.042445,0.274479,0.959869,-0.721362,0.483057,-0.210130,1.302616,-0.565470,-0.247768,-0.764493,-0.665342,-0.088392,1.057781,-0.174121,-0.066411,-0.108192,-0.008280,0.373808,-0.486640,-0.043383,-0.762815,-0.342373,-0.188081,-0.002195,0.402482,-0.326505,-0.301530,0.007550,-0.777972,-0.185646,-0.010584,-0.184379,0.260523,-0.054622,0.174151,0.256327,-0.176569,0.234804,0.002220,0.348428,-0.568160,0.089949,-0.344754,-0.609027,-0.211217,-0.120236,-0.308860,0.919531,-0.185839,-0.372890,-0.061796,0.906972,0.106081,0.017134,0.127067,0.986056,-0.172682,0.051661,-0.295396,0.938218
0.607902,-0.699683,0.625469,-0.032191,-0.048305,0.286260,0.956392,-0.729065,0.485407,-0.230054,1.347770,-0.604895,-0.247768,-0.781967,-0.729788,-0.086223,1.177667,-0.195819,-0.028829,-0.138128,-0.017438,0.370789,-0.506605,-0.070285,-0.767218,-0.307557,-0.185902,-0.016382,0.418626,-0.314509,-0.363444,0.006010,-0.778433,-0.229828,-0.001254,-0.201715,0.259478,-0.067256,0.176585,0.249806,-0.185390,0.236758,-0.006475,0.349622,-0.557511,0.058099,-0.342124,-0.591756,-0.223506,-0.119591,-0.318287,0.913475,-0.241064,-0.367096,-0.077301,0.895071,0.113456,0.019112,0.123622,0.985637,-0.153618,0.082568,-0.329091,0.928053
0.626418,-0.709676,0.612103,-0.026954,-0.053270,0.293745,0.954018,-0.717066,0.494396,-0.252425,1.357434,-0.619954,-0.247736,-0.797365,-0.738451,-0.065539,1.270902,-0.260137,0.055050,-0.165465,-0.026298,0.366331,-0.536183,-0.102281,-0.787643,-0.280603,-0.194216,-0.034317,0.431626,-0.304607,-0.438050,0.004098,-0.780916,-0.242826,0.013548,-0.208982,0.254279,-0.081668,0.184009,0.243702,-0.193376,0.239808,-0.017348,0.357986,-0.550367,0.039504,-0.331515,-0.579681,-0.244479,-0.123674,-0.338336,0.900258,-0.288352,-0.358307,-0.080027,0.884345,0.125563,0.026120,0.118952,0.984582,-0.117807,0.078330,-0.334658,0.931660
0.647247,-0.722257,0.610195,-0.021940,-0.055595,0.279933,0.958157,-0.654693,0.537536,-0.241617,1.310795,-0.613760,-0.247675,-0.824474,-0.714962,-0.048756,1.351863,-0.318667,0.115477,-0.191112,-0.037732,0.356745,-0.573591,-0.136061,-0.787938,-0.271819,-0.174720,-0.068515,0.457809,-0.334799,-0.528543,0.014340,-0.774029,-0.256402,0.028543,-0.207353,0.250942,-0.089709,0.199843,0.240804,-0.196984,0.249608,-0.042054,0.371647,-0.551021,0.036067,-0.313862,-0.570933,-0.270419,-0.153820,-0.340110,0.887434,-0.341129,-0.362694,-0.070757,0.864336,0.141066,0.036840,0.127085,0.981118,-0.083091,0.070308,-0.327229,0.938655
0.671937,-0.737025,0.614481,-0.018641,-0.054979,0.241639,0.968628,-0.535613,0.626610,-0.180813,1.211724,-0.563998,-0.247501,-0.829232,-0.647666,-0.059898,1.392765,-0.366157,0.166416,-0.213734,-0.051256,0.340177,-0.602784,-0.172327,-0.758701,-0.264365,-0.150772,-0.106820,0.510357,-0.403695,-0.615641,0.057205,-0.770751,-0.299419,0.055431,-0.204083,0.251818,-0.090717,0.216384,0.239314,-0.192186,0.265211,-0.085831,0.390326,-0.554467,0.043054,-0.285516,-0.573822,-0.302850,-0.182663,-0.312629,0.881578,-0.399256,-0.381135,-0.056569,0.831944,0.161953,0.061600,0.159880,0.971810,-0.039275,0.058936,-0.302614,0.950478
0.701147,-0.752373,0.627911,-0.015413,-0.048247,0.173128,0.983596,-0.337103,0.730379,-0.051048,1.073486,-0.420297,-0.247332,-0.830830,-0.544459,-0.081950,1.387113,-0.413315,0.159779,-0.227790,-0.061054,0.312701,-0.601912,-0.197054,-0.714180,-0.260323,-0.129559,-0.141659,0.565702,-0.495673,-0.663958,0.150727,-0.741041,-0.298549,0.086663,-0.196390,0.254097,-0.084517,0.227792,0.242673,-0.179419,0.276101,-0.153076,0.404724,-0.555869,0.063483,-0.251828,-0.585117,-0.329475,-0.201497,-0.268815,0.882374,-0.420330,-0.391585,-0.024363,0.818163,0.178809,0.129725,0.220714,0.949991,-0.015575,0.037192,-0.259075,0.965015
0.733537,-0.766731,0.636009,-0.007321,-0.041974,0.077196,0.996105,-0.092677,0.787321,0.084973,0.967546,-0.139035,-0.247201,-0.817828,-0.429795,-0.095765,1.355478,-0.480819,0.187854,-0.213461,-0.057867,0.280780,-0.600860,-0.199140,-0.652331,-0.261897,-0.088344,-0.165653,0.609406,-0.618023,-0.722561,0.259327,-0.691031,-0.327975,0.109373,-0.178038,0.260515,-0.068698,0.237180,0.251219,-0.160732,0.288271,-0.238225,0.404520,-0.539133,0.079696,-0.218436,-0.598814,-0.327977,-0.235090,-0.210319,0.890466,-0.456016,-0.413130,0.016610,0.788097,0.176090,0.282309,0.296104,0.895330,0.020436,-0.001880,-0.206793,0.978170
0.766583,-0.780667,0.648023,-0.004902,-0.036286,-0.036373,0.998667,0.045229,0.746118,0.084969,1.029719,0.122609,-0.240197,-0.779871,-0.380943,-0.163236,1.318389,-0.552142,0.197203,-0.157399,-0.029655,0.259915,-0.615748,-0.178099,-0.599628,-0.277052,-0.069076,-0.172053,0.650230,-0.760043,-0.760987,0.358512,-0.632553,-0.362680,0.116218,-0.194314,0.268374,-0.046373,0.245215,0.264647,-0.138589,0.300896,-0.305853,0.374976,-0.499177,0.084971,-0.183823,-0.612511,-0.305202,-0.270340,-0.148521,0.900949,-0.464313,-0.461698,0.042558,0.754611,0.150504,0.475341,0.331260,0.801041,0.051495,-0.041678,-0.196812,0.978201
0.798434,-0.792085,0.658969,0.001581,-0.027701,-0.143278,0.989293,0.023268,0.489294,-0.001656,1.264867,0.090928,-0.214577,-0.706668,-0.513961,-0.356663,1.283415,-0.597222,0.058200,-0.100649,0.003929,0.252955,-0.668875,-0.101470,-0.560046,-0.312923,-0.063319,-0.149484,0.693711,-0.908140,-0.751283,0.450074,-0.563286,-0.348409,0.122536,-0.196644,0.276994,-0.023262,0.255244,0.280106,-0.115151,0.310899,-0.319413,0.279281,-0.485375,0.086794,-0.170029,-0.622818,-0.257835,-0.313916,-0.102325,0.908024,-0.440778,-0.498700,0.074606,0.742595,0.080980,0.594560,0.245092,0.761492,-0.002067,-0.063586,-0.300127,0.951775
0.830968,-0.801574,0.666128,0.011487,-0.019586,-0.231573,0.972552,-0.061029,0.422110,0.110270,1.503674,-0.019955,-0.184904,-0.692612,-0.547441,-0.336781,1.251877,-0.622288,-0.074397,-0.081989,0.038793,0.260304,-0.754225,0.063704,-0.505165,-0.370896,-0.040843,-0.085548,0.706628,-1.051013,-0.684632,0.515561,-0.479575,-0.300751,0.122134,-0.191812,0.290587,-0.002413,0.269238,0.293384,-0.099492,0.320144,-0.293816,0.188411,-0.472713,0.080864,-0.194340,-0.626241,-0.160009,-0.376085,-0.080269,0.909128,-0.396486,-0.519390,0.097792,0.750646,0.009085,0.607385,0.258453,0.751134,-0.094132,-0.063757,-0.308492,0.944408
0.864466,-0.811396,0.668641,0.016051,-0.004417,-0.305855,0.951933,-0.209182,0.427413,0.233806,1.704601,-0.210983,-0.087648,-0.708899,-0.546033,-0.264204,1.204129,-0.477742,0.097036,-0.067045,0.077794,0.278944,-0.852108,0.310790,-0.448370,-0.430784,-0.046190,0.001302,0.676657,-1.158815,-0.613711,0.518644,-0.390752,-0.280636,0.117275,-0.198393,0.307245,0.021664,0.288713,0.308778,-0.095499,0.329855,-0.230532,0.124287,-0.471608,0.082594,-0.223782,-0.628285,-0.018532,-0.435322,-0.074073,0.897031,-0.352345,-0.534711,0.088119,0.763002,-0.023103,0.550524,0.263589,0.791776,-0.022549,-0.041090,-0.286057,0.957066
0.898734,-0.824681,0.662387,0.024023,0.009149,-0.362097,0.931786,-0.437686,0.374658,0.286183,1.848369,-0.380399,-0.051028,-0.770045,-0.526091,-0.190187,1.252578,-0.486816,0.154842,-0.052228,0.111996,0.306841,-0.959773,0.629023,-0.406940,-0.474904,-0.066310,0.064927,0.614395,-1.242554,-0.594233,0.477973,-0.304680,-0.293688,0.119213,-0.190826,0.320793,0.047259,0.316863,0.329434,-0.105369,0.338093,-0.142314,0.084097,-0.476935,0.089343,-0.232632,-0.615241,0.152531,-0.488838,-0.077131,0.855467,-0.340332,-0.534162,0.053622,0.771991,-0.069462,0.450052,0.238158,0.857851,-0.003312,-0.047034,-0.260471,0.964330
0.935332,-0.840738,0.649260,0.026752,0.024361,-0.405659,0.913308,-0.705601,0.394470,0.275127,1.910047,-0.477232,-0.056149,-0.823874,-0.514245,-0.136261,1.326678,-0.533225,0.198579,-0.038675,0.131821,0.334920,-1.066663,1.004659,-0.402550,-0.491434,-0.164491,0.088845,0.526360,-1.240050,-0.627262,0.432814,-0.228698,-0.324098,0.122735,-0.189116,0.328558,0.073070,0.348442,0.355520,-0.124132,0.325507,-0.046220,0.087634,-0.485343,0.089828,-0.235240,-0.599370,0.321809,-0.497105,-0.095777,0.800095,-0.359533,-0.496364,0.017134,0.789978,-0.090795,0.313845,0.235897,0.915211,0.010271,-0.056381,-0.243295,0.968258
0.975755,-0.860951,0.633077,0.030072,0.029686,-0.435857,0.899023,-0.955311,0.464548,0.199460,1.882002,-0.525373,0.011736,-0.849295,-0.514809,-0.072002,1.414919,-0.609010,0.245394,-0.020404,0.141703,0.358461,-1.124122,1.316348,-0.389296,-0.465823,-0.231346,0.082549,0.485874,-1.151056,-0.702551,0.354418,-0.161033,-0.275733,0.135042,-0.165747,0.330762,0.103405,0.377370,0.383958,-0.155054,0.293342,0.043597,0.126865,-0.493208,0.070340,-0.244068,-0.581235,0.452106,-0.480521,-0.064668,0.748677,-0.373443,-0.408726,0.002301,0.832753,-0.034091,0.171977,0.244506,0.953666,0.011453,-0.058433,-0.227712,0.971906
1.019778,-0.884586,0.618899,0.041868,0.023426,-0.455144,0.889124,-1.151805,0.474935,0.102599,1.757925,-0.516774,0.020454,-0.851246,-0.547339,-0.007374,1.491776,-0.687253,0.247676,0.008996,0.153148,0.376724,-1.109269,1.546246,-0.354546,-0.431299,-0.325578,0.063544,0.472936,-1.000761,-0.834151,0.229118,-0.081725,-0.216879,0.152626,-0.148616,0.327242,0.132994,0.397769,0.406009,-0.206075,0.250977,0.130363,0.174506,-0.500721,0.039747,-0.262773,-0.561458,0.529964,-0.438301,-0.026502,0.725485,-0.399506,-0.291941,-0.033272,0.868365,0.007612,0.033752,0.239817,0.970201,-0.022419,-0.051684,-0.225074,0.972711
1.068499,-0.911388,0.608189,0.054855,0.016005,-0.473089,0.879160,-1.268773,0.482525,0.020901,1.549098,-0.440664,-0.022584,-0.827392,-0.580242,0.062171,1.533157,-0.758308,0.247762,0.041835,0.163638,0.390712,-1.059543,1.733214,-0.313869,-0.396437,-0.390438,0.061978,0.443558,-0.793838,-0.934632,0.037280,0.039595,-0.135367,0.178988,-0.148519,0.321185,0.157528,0.413044,0.413265,-0.271349,0.199087,0.214467,0.231970,-0.505001,0.005134,-0.286783,-0.544044,0.602379,-0.382077,0.007408,0.700786,-0.398693,-0.146092,-0.095298,0.900344,0.028312,-0.082907,0.234968,0.968047,-0.065132,-0.043347,-0.216444,0.973155
1.120943,-0.942494,0.601792,0.062546,0.013755,-0.488925,0.869972,-1.320439,0.513007,-0.017723,1.274738,-0.335592,-0.041854,-0.750001,-0.597471,0.111371,1.522695,-0.826029,0.247754,0.074242,0.173679,0.396032,-0.977588,1.782522,-0.241982,-0.363482,-0.405959,0.145720,0.396171,-0.595387,-0.925238,-0.209648,0.211796,-0.052816,0.252517,-0.184759,0.321064,0.179884,0.417551,0.398133,-0.339468,0.137884,0.297601,0.293845,-0.498305,-0.035841,-0.308515,-0.535227,0.645972,-0.311269,0.050519,0.695183,-0.339008,0.022758,-0.206416,0.917577,0.055085,-0.186114,0.238665,0.951507,-0.105039,-0.033307,-0.194096,0.974774
1.175749,-0.977721,0.598599,0.062649,0.008893,-0.492621,0.867940,-1.303470,0.545955,0.029869,0.980375,-0.264011,-0.049707,-0.592972,-0.637311,0.109497,1.461890,-0.853814,0.247700,0.109407,0.190388,0.388247,-0.785259,1.766217,-0.126826,-0.386750,-0.439270,0.271308,0.361342,-0.439374,-0.818969,-0.567438,0.381742,0.017139,0.332436,-0.279026,0.318874,0.200064,0.400932,0.346966,-0.401875,0.074748,0.371463,0.333994,-0.485227,-0.097987,-0.327360,-0.530661,0.663891,-0.211377,0.071926,0.713718,-0.205809,0.168116,-0.381922,0.885163,0.065258,-0.288717,0.248053,0.922417,-0.140661,0.001651,-0.183479,0.972906
1.232519,-1.014356,0.595274,0.053546,-0.004012,-0.481575,0.874758,-1.235145,0.538056,0.123625,0.793052,-0.248952,-0.133340,-0.360492,-0.709044,0.049615,1.378150,-0.803860,0.247670,0.145650,0.217550,0.368208,-0.077828,1.428447,0.337037,-0.567573,-0.259461,0.360342,0.333081,-0.256847,-0.621412,-0.925405,0.474619,-0.021500,0.354466,-0.389131,0.278133,0.236903,0.329435,0.255222,-0.422757,-0.003213,0.410102,0.330953,-0.488257,-0.186183,-0.340817,-0.513892,0.640460,-0.099046,0.088414,0.756429,-0.113525,0.302380,-0.529865,0.784169,0.016450,-0.357953,0.237567,0.902863,-0.174553,0.084383,-0.201222,0.960167
1.288045,-1.049928,0.585142,0.044876,-0.027243,-0.449479,0.891747,-1.175673,0.455397,0.138763,0.809703,-0.029620,-0.134424,-0.099386,-0.805970,-0.044122,1.304425,-0.582442,0.247717,0.175228,0.241956,0.339896,0.581275,0.922928,0.643245,-0.854093,-0.228366,0.206862,0.281165,-0.126825,-0.334374,-1.184497,0.510991,0.009900,0.312872,-0.492279,0.167371,0.249732,0.287065,0.156604,-0.382322,-0.074802,0.397409,0.285772,-0.519399,-0.282074,-0.351121,-0.469048,0.548054,-0.001455,0.135544,0.825386,-0.008430,0.411409,-0.621967,0.666205,-0.034162,-0.221517,0.218836,0.949671,-0.204630,0.242501,-0.265597,0.910372
1.339278,-1.084722,0.564898,0.037186,-0.057693,-0.405313,0.911597,-1.173140,0.357042,0.084846,0.990720,0.136901,-0.185963,0.123441,-0.895716,-0.111750,1.295856,-0.209796,0.247680,0.189887,0.252685,0.315627,0.840925,0.667741,0.616367,-0.989670,-0.313269,0.116977,0.204639,-0.104974,-0.107972,-1.267928,0.525346,0.034178,0.293249,-0.550671,0.113203,0.231441,0.270551,0.112061,-0.318211,-0.112773,0.349726,0.237239,-0.540849,-0.357039,-0.353210,-0.394587,0.446684,0.071532,0.148139,0.879438,0.063050,0.488372,-0.635282,0.594923,-0.088624,-0.046696,0.178675,0.978795,-0.216313,0.450513,-0.362096,0.786850
1.386345,-1.117657,0.535764,0.045753,-0.089217,-0.353719,0.929962,-1.136941,0.217926,0.061634,1.159986,0.141214,-0.154369,0.213588,-0.947279,-0.118205,1.404748,0.078396,0.247676,0.195999,0.249240,0.302342,0.820271,0.608254,0.465805,-0.991243,-0.304899,0.096724,0.120145,-0.212990,0.012181,-1.114299,0.565637,-0.007620,0.349865,-0.506147,0.107878,0.220992,0.248653,0.158798,-0.244512,-0.134173,0.291807,0.175850,-0.559808,-0.382539,-0.331728,-0.327883,0.376003,0.092691,0.107747,0.915653,0.113246,0.551636,-0.508851,0.651109,-0.087376,0.069274,0.118082,0.986723,-0.198830,0.598464,-0.443264,0.637043
1.426356,-1.148216,0.523011,0.049170,-0.120388,-0.310413,0.941665,-1.111436,0.118021,0.062161,1.324595,0.012230,-0.147534,0.201610,-0.911509,-0.116826,1.623266,0.062261,0.247670,0.206393,0.246795,0.291563,0.634981,0.608372,0.228806,-0.948526,-0.307947,0.121121,0.112967,-0.440052,0.077130,-0.831963,0.577679,-0.096974,0.355633,-0.406629,0.125832,0.206782,0.222109,0.274637,-0.161759,-0.108054,0.234869,0.132253,-0.561775,-0.370612,-0.270907,-0.297114,0.288779,0.073517,0.058994,0.952744,0.132074,0.495337,-0.304155,0.802924,-0.093519,0.105414,0.071346,0.987447,-0.156401,0.658237,-0.465499,0.570590
1.460686,-1.178478,0.515358,0.052059,-0.144443,-0.254139,0.954903,-1.079964,0.020760,0.077511,1.440168,-0.104427,-0.131663,0.169958,-0.916639,-0.209162,1.862156,-0.055656,0.247671,0.226922,0.247520,0.284054,0.305350,0.649220,-0.043824,-0.908049,-0.205696,0.127567,0.078585,-0.724666,0.066910,-0.605325,0.469656,-0.102754,0.227196,-0.294695,0.164121,0.174197,0.213316,0.399389,-0.111574,0.002289,0.187495,0.093885,-0.558291,-0.334267,-0.198530,-0.289572,0.277313,-0.008084,-0.061058,0.958804,0.176076,0.238988,-0.156966,0.941936,-0.101241,0.125617,0.025751,0.986564,-0.095227,0.662015,-0.505396,0.545201
1.490101,-1.210117,0.509887,0.054884,-0.159096,-0.184256,0.968363,-1.059973,-0.082700,0.082077,1.526718,-0.195830,-0.127052,0.119629,-0.940863,-0.292128,2.069789,-0.216890,0.247621,0.237029,0.234803,0.275836,-0.073167,0.619895,-0.332098,-0.864955,-0.077497,0.109531,0.038670,-1.014091,-0.024711,-0.421743,0.304728,-0.038639,0.088025,-0.163952,0.198801,0.125824,0.219974,0.459025,-0.100061,0.169419,0.151104,0.064599,-0.549890,-0.285724,-0.147944,-0.286348,0.276634,-0.133927,-0.193739,0.931666,0.210400,-0.096719,-0.037915,0.972080,-0.111079,0.138271,-0.023583,0.983863,-0.046666,0.637815,-0.535456,0.551634
1.515321,-1.244626,0.507682,0.056428,-0.165041,-0.111280,0.978363,-1.043761,-0.167767,0.069012,1.586395,-0.264873,-0.144363,0.025020,-0.947998,-0.326817,2.217547,-0.337967,0.246012,0.218190,0.210512,0.265891,-0.370460,0.509227,-0.555998,-0.795878,-0.019577,0.095935,0.039371,-1.267029,-0.208166,-0.200468,0.145293,0.022921,0.000220,-0.034485,0.218948,0.075731,0.230396,0.433512,-0.109762,0.325625,0.124314,0.050862,-0.542437,-0.238093,-0.121546,-0.289439,0.237009,-0.238444,-0.289616,0.896155,0.133877,-0.397675,0.068710,0.905103,-0.122289,0.145739,-0.064219,0.979633,-0.003829,0.609812,-0.546138,0.574324
1.536968,-1.282184,0.509141,0.051811,-0.174619,-0.043269,0.982319,-1.006583,-0.222738,0.028874,1.623008,-0.311259,-0.175953,-0.083667,-0.878745,-0.337043,2.284784,-0.477778,0.218033,0.183523,0.183891,0.255333,-0.570420,0.395955,-0.674985,-0.689881,0.023911,0.081317,0.064227,-1.443845,-0.416967,-0.009919,0.010286,0.095785,-0.012381,0.058839,0.232647,0.036894,0.239732,0.374246,-0.118842,0.414537,0.098497,0.055531,-0.541168,-0.204446,-0.105243,-0.301526,0.210547,-0.307392,-0.337962,0.864270,0.004900,-0.564925,0.136413,0.813773,-0.126128,0.161226,-0.090849,0.974600,0.023408,0.578651,-0.509581,0.636351
1.556103,-1.321951,0.513411,0.038287,-0.187578,0.010764,0.981444,-0.951725,-0.242045,-0.045211,1.649071,-0.352565,-0.223370,-0.174021,-0.854423,-0.260411,2.296733,-0.577258,0.118443,0.122886,0.158517,0.242563,-0.665891,0.295842,-0.728171,-0.552120,0.078599,0.047133,0.117325,-1.483841,-0.575626,0.073293,-0.119568,0.110116,0.005815,0.041960,0.244603,0.004667,0.240357,0.326940,-0.140462,0.443516,0.073960,0.080727,-0.543231,-0.195297,-0.116001,-0.304616,0.188789,-0.345277,-0.350216,0.849995,-0.099259,-0.626478,0.109908,0.765240,-0.119741,0.180137,-0.102854,0.970893,-0.031340,0.565475,-0.455656,0.686755
1.572503,-1.363318,0.520023,0.023910,-0.202158,0.057561,0.977367,-0.891276,-0.242592,-0.129771,1.658902,-0.378554,-0.245532,-0.240220,-0.880165,-0.147459,2.251438,-0.669537,-0.024855,0.047391,0.135184,0.230508,-0.693064,0.217042,-0.753686,-0.423613,0.094462,0.003383,0.156004,-1.485542,-0.682448,0.133096,-0.207758,0.124418,0.051914,0.013742,0.251079,-0.024621,0.233815,0.294915,-0.156016,0.453267,0.053663,0.112677,-0.546114,-0.203556,-0.145682,-0.309594,0.153558,-0.352528,-0.369593,0.845899,-0.180491,-0.633427,0.082027,0.747973,-0.094934,0.198892,-0.111106,0.969064,-0.148061,0.541319,-0.400257,0.724463
1.585988,-1.405073,0.529818,0.009715,-0.215328,0.102700,0.971078,-0.828290,-0.245307,-0.220168,1.642922,-0.391034,-0.247640,-0.288039,-0.855421,-0.036292,2.153057,-0.687277,-0.072915,-0.022976,0.112976,0.224693,-0.692862,0.165923,-0.762642,-0.336115,0.096776,-0.036531,0.172148,-1.485538,-0.788135,0.204573,-0.267445,0.134502,0.089556,0.028354,0.252412,-0.046822,0.226992,0.274389,-0.163160,0.455228,0.039662,0.144283,-0.551466,-0.218928,-0.181413,-0.322405,0.119425,-0.351225,-0.392562,0.841590,-0.275202,-0.613919,0.075401,0.735991,-0.060073,0.211518,-0.126819,0.967248,-0.218966,0.512139,-0.349865,0.753234
1.595949,-1.447188,0.541653,0.000246,-0.228021,0.142917,0.963110,-0.761612,-0.246844,-0.310936,1.601332,-0.392662,-0.247735,-0.285190,-0.811272,0.051722,2.009093,-0.621113,-0.077248,-0.077965,0.088868,0.222985,-0.665852,0.128497,-0.760040,-0.293045,0.078879,-0.066055,0.186457,-1.484388,-0.874985,0.290273,-0.302768,0.155697,0.109298,0.058065,0.250567,-0.059180,0.221318,0.266260,-0.160877,0.450544,0.030654,0.174318,-0.560056,-0.241142,-0.223519,-0.338842,0.074116,-0.341396,-0.406042,0.844444,-0.357454,-0.576354,0.093863,0.728857,-0.027030,0.218580,-0.146986,0.964307,-0.259282,0.501954,-0.302598,0.767626
1.601853,-1.489616,0.555160,-0.003125,-0.240733,0.178169,0.954093,-0.692902,-0.234962,-0.394591,1.528211,-0.376781,-0.247750,-0.219387,-0.727663,0.082391,1.819666,-0.479503,-0.055764,-0.108034,0.062558,0.224165,-0.620855,0.099626,-0.761846,-0.281170,0.056176,-0.080485,0.191362,-1.464838,-0.955021,0.367248,-0.316275,0.121157,0.112849,0.063139,0.246628,-0.062718,0.214905,0.269750,-0.157791,0.440992,0.026367,0.203156,-0.573367,-0.266836,-0.259781,-0.367682,0.029633,-0.323199,-0.412817,0.851027,-0.434404,-0.534287,0.093257,0.719120,0.002045,0.221028,-0.165043,0.961199,-0.258618,0.515987,-0.253651,0.776232
1.602754,-1.531704,0.571182,-0.008360,-0.252704,0.206483,0.945217,-0.639023,-0.170463,-0.465236,1.411604,-0.326462,-0.247758,-0.118295,-0.652762,0.044276,1.635828,-0.313893,0.151008,-0.112252,0.043359,0.230329,-0.563790,0.094379,-0.767746,-0.292538,0.071118,-0.079825,0.186954,-1.376438,-0.997286,0.400015,-0.319349,0.082162,0.107721,0.036315,0.243166,-0.057722,0.205413,0.285289,-0.159004,0.418582,0.032122,0.241636,-0.590219,-0.292921,-0.272284,-0.402368,0.016255,-0.306680,-0.408928,0.859337,-0.469002,-0.490116,0.091344,0.729026,0.037026,0.217092,-0.162603,0.961801,-0.157661,0.522555,-0.277182,0.790727
1.598385,-1.576799,0.579423,-0.003602,-0.256752,0.205771,0.944311,-0.625733,-0.011549,-0.491636,1.255230,-0.264108,-0.247748,-0.045011,-0.573995,-0.060114,1.592294,-0.467576,0.243478,-0.088654,0.032809,0.245160,-0.495700,0.101194,-0.755774,-0.330755,0.115662,-0.079736,0.191132,-1.284413,-0.988634,0.423076,-0.320059,0.074625,0.096239,0.021828,0.242649,-0.041808,0.197057,0.306018,-0.149867,0.388899,0.048725,0.298999,-0.601936,-0.305829,-0.232983,-0.426745,0.018263,-0.298803,-0.378118,0.876019,-0.463681,-0.455189,0.124993,0.749786,0.080037,0.190735,-0.116866,0.971368,-0.083519,0.455670,-0.273133,0.843082
1.589511,-1.618004,0.593052,-0.003757,-0.253192,0.192072,0.948150,-0.594465,0.109442,-0.526929,1.087154,-0.289097,-0.247738,-0.022458,-0.529549,-0.162225,1.546817,-0.634633,0.247551,-0.056844,0.029899,0.260781,-0.429064,0.109731,-0.734506,-0.382512,0.145633,-0.065464,0.183002,-1.209126,-0.973603,0.437644,-0.310677,0.010131,0.071191,0.006764,0.242277,-0.023792,0.190721,0.323061,-0.140258,0.362558,0.064417,0.351437,-0.609823,-0.302129,-0.197401,-0.457957,0.023558,-0.285504,-0.346299,0.893314,-0.469619,-0.438297,0.142123,0.753097,0.112853,0.126975,-0.112219,0.979055,-0.052453,0.364793,-0.265923,0.890764
1.577673,-1.655732,0.603224,-0.003357,-0.245322,0.180841,0.952419,-0.552860,0.192290,-0.547653,0.919785,-0.318152,-0.247396,-0.045919,-0.495138,-0.211088,1.522575,-0.713606,0.247667,-0.033729,0.024567,0.276933,-0.398704,0.125864,-0.710923,-0.424816,0.165337,-0.050173,0.167594,-1.153724,-0.953299,0.463772,-0.302325,-0.030327,0.061377,0.005045,0.244198,-0.009191,0.187965,0.336567,-0.128880,0.337302,0.078673,0.387028,-0.618261,-0.286213,-0.176077,-0.483006,0.033323,-0.280548,-0.325367,0.902396,-0.473282,-0.415023,0.169096,0.758397,0.131341,0.065402,-0.126306,0.981080,-0.030126,0.305002,-0.261905,0.915135
1.562609,-1.691238,0.613227,-0.001593,-0.238828,0.178680,0.954480,-0.536409,0.230618,-0.534787,0.837329,-0.302248,-0.241023,-0.109349,-0.476521,-0.222667,1.540587,-0.663416,0.246048,-0.022268,0.019357,0.297688,-0.417196,0.140163,-0.690616,-0.454835,0.189609,-0.049919,0.165336,-1.130301,-0.960414,0.518018,-0.298806,-0.033831,0.059306,0.031193,0.249097,-0.000915,0.191407,0.346681,-0.119486,0.312714,0.085683,0.397213,-0.623882,-0.261248,-0.164053,-0.497609,0.043086,-0.297777,-0.310411,0.901730,-0.485044,-0.378709,0.213470,0.758777,0.138284,0.044761,-0.122051,0.981824,-0.005252,0.306620,-0.269728,0.912800
1.543699,-1.727711,0.626072,-0.004445,-0.232268,0.188217,0.954257,-0.549251,0.254362,-0.394462,0.903946,-0.258455,-0.247408,-0.150270,-0.462973,-0.290592,1.518942,-0.607311,0.208412,-0.023020,0.016758,0.319264,-0.466715,0.143388,-0.685041,-0.468467,0.183785,-0.051237,0.170096,-1.134465,-1.006464,0.580868,-0.300890,-0.084506,0.057525,0.038532,0.254841,-0.001577,0.197325,0.352571,-0.119375,0.295309,0.058083,0.365059,-0.632906,-0.234079,-0.139676,-0.522815,0.036867,-0.315745,-0.310987,0.895675,-0.527013,-0.354030,0.228865,0.737930,0.103272,0.077538,-0.043210,0.990684,0.013378,0.298745,-0.287139,0.910013
1.521860,-1.765960,0.642131,-0.008274,-0.222918,0.191150,0.955877,-0.573351,0.334101,-0.263544,1.051946,-0.255025,-0.246199,-0.168132,-0.417974,-0.381426,1.432286,-0.597167,0.130246,-0.022853,0.008932,0.335616,-0.527981,0.147517,-0.680182,-0.465225,0.169080,-0.050261,0.181107,-1.136678,-1.041346,0.641334,-0.315706,-0.153223,0.074534,0.016992,0.261967,-0.002407,0.203089,0.355319,-0.117081,0.281170,0.012645,0.345941,-0.619031,-0.203652,-0.106238,-0.560539,0.029963,-0.332020,-0.310508,0.890196,-0.566186,-0.340700,0.230144,0.714417,0.085191,0.124807,0.056144,0.986921,0.017248,0.258960,-0.289598,0.921290
1.497737,-1.804370,0.660528,-0.012833,-0.207475,0.184218,0.960652,-0.564112,0.422367,-0.146706,1.225977,-0.276632,-0.211425,-0.204357,-0.355815,-0.455352,1.320174,-0.543207,0.043908,-0.020840,0.000508,0.344589,-0.568160,0.141726,-0.665207,-0.459284,0.171154,-0.044559,0.187856,-1.125867,-1.048134,0.706089,-0.330129,-0.200092,0.093623,-0.007143,0.268192,-0.001185,0.207926,0.355280,-0.110664,0.264031,-0.045289,0.317759,-0.595808,-0.160232,-0.073170,-0.600140,0.028381,-0.344360,-0.300887,0.888863,-0.585362,-0.327856,0.243298,0.700477,0.080521,0.187430,0.145628,0.968080,0.022010,0.226231,-0.286232,0.930809
1.471737,-1.841155,0.679804,-0.019069,-0.186288,0.175444,0.966516,-0.515537,0.456649,-0.044931,1.391171,-0.312510,-0.163356,-0.256329,-0.299490,-0.515293,1.201020,-0.419707,-0.012942,-0.017392,-0.002614,0.347956,-0.582393,0.121538,-0.650674,-0.454090,0.158924,-0.035556,0.193282,-1.106984,-1.054309,0.766293,-0.351257,-0.245462,0.099251,-0.015762,0.271895,-0.000418,0.210840,0.350943,-0.104621,0.247279,-0.099127,0.270183,-0.571155,-0.105425,-0.045031,-0.634397,0.016409,-0.343333,-0.290945,0.892863,-0.599872,-0.319847,0.265858,0.683500,0.068930,0.260299,0.196477,0.942810,0.044141,0.213250,-0.284588,0.933588
1.444015,-1.875870,0.697432,-0.029984,-0.159760,0.166048,0.972628,-0.443067,0.458990,0.052907,1.513161,-0.340927,-0.161702,-0.333261,-0.245347,-0.547947,1.095509,-0.250024,0.041102,-0.014121,0.000203,0.347731,-0.579056,0.098004,-0.637852,-0.450224,0.143036,-0.030304,0.197066,-1.073163,-1.056913,0.804631,-0.371399,-0.294172,0.100335,-0.023721,0.273565,-0.000181,0.212111,0.344928,-0.101968,0.232367,-0.141613,0.219378,-0.547623,-0.040668,-0.023234,-0.657703,0.002394,-0.336429,-0.282588,0.898306,-0.608791,-0.316194,0.281941,0.670749,0.030795,0.323920,0.230389,0.917087,0.119928,0.204310,-0.279623,0.930422
1.414627,-1.910296,0.715139,-0.040461,-0.129708,0.150749,0.979190,-0.357147,0.448671,0.152581,1.573037,-0.322356,-0.171093,-0.436759,-0.188717,-0.550318,1.017891,-0.108491,0.237690,-0.006153,0.005333,0.344420,-0.559229,0.076322,-0.627133,-0.448292,0.130297,-0.028339,0.197246,-1.018312,-1.043688,0.816506,-0.383378,-0.324268,0.110193,-0.045915,0.273415,0.001795,0.211328,0.339865,-0.099941,0.218506,-0.173659,0.173675,-0.531201,0.030368,-0.005630,-0.666669,-0.008714,-0.325821,-0.273037,0.905105,-0.602586,-0.311782,0.288443,0.675635,-0.013650,0.383960,0.259285,0.886092,0.253016,0.168745,-0.268834,0.913912
1.385456,-1.944166,0.725898,-0.044261,-0.100298,0.131838,0.985190,-0.276367,0.435324,0.235277,1.573425,-0.255702,-0.159592,-0.547384,-0.126574,-0.543145,0.990713,-0.059439,0.247383,0.013456,0.007645,0.339580,-0.532885,0.057828,-0.621584,-0.446050,0.128173,-0.029241,0.198601,-0.949825,-1.031180,0.807428,-0.391097,-0.341814,0.130033,-0.067699,0.271892,0.007340,0.209387,0.337008,-0.097039,0.206355,-0.196651,0.140965,-0.524872,0.092574,0.017364,-0.658298,-0.014462,-0.316469,-0.257368,0.912907,-0.593654,-0.302110,0.290708,0.686872,-0.041908,0.439653,0.277663,0.853142,0.290362,0.139366,-0.230627,0.918193
1.356453,-1.978310,0.731375,-0.058422,-0.069526,0.133744,0.986846,-0.231676,0.443351,0.269453,1.489095,-0.157767,-0.108523,-0.604358,-0.146773,-0.431405,1.015401,-0.103040,0.247761,0.021730,0.013924,0.333560,-0.515544,0.050479,-0.633024,-0.438368,0.130443,-0.036243,0.198955,-0.848058,-1.010899,0.764876,-0.400178,-0.351829,0.157361,-0.088246,0.268760,0.006545,0.207235,0.332468,-0.102321,0.192990,-0.204211,0.141202,-0.541551,0.102357,-0.025842,-0.660841,-0.013634,-0.310903,-0.257443,0.914810,-0.579630,-0.279395,0.280203,0.712358,-0.027040,0.465495,0.279221,0.839416,0.247157,0.110091,-0.199740,0.941752
1.327935,-2.012484,0.731054,-0.078221,-0.041276,0.156487,0.983712,-0.212797,0.449243,0.266821,1.337987,-0.208695,-0.094899,-0.656343,-0.193493,-0.275992,1.102757,-0.179019,0.247426,0.017061,0.024053,0.329038,-0.507298,0.054902,-0.661226,-0.427995,0.134281,-0.045184,0.196091,-0.713434,-0.970355,0.685831,-0.415429,-0.362941,0.178265,-0.112509,0.264356,-0.000723,0.204176,0.324373,-0.113794,0.178792,-0.196503,0.164959,-0.577954,0.089588,-0.092646,-0.654885,-0.007160,-0.306497,-0.275356,0.911146,-0.554911,-0.252071,0.255909,0.750363,0.007517,0.388493,0.269967,0.880985,0.178404,0.098016,-0.170011,0.964189
1.302041,-2.046188,0.722770,-0.090145,-0.014980,0.188344,0.977843,-0.242348,0.446257,0.230997,1.228641,-0.518226,-0.152933,-0.682669,-0.249650,-0.096421,1.208251,-0.238699,0.239565,0.003125,0.032693,0.325689,-0.479514,0.059040,-0.695685,-0.420248,0.138766,-0.051882,0.200513,-0.561997,-0.901915,0.592057,-0.440411,-0.386286,0.187366,-0.128834,0.257942,-0.009435,0.197369,0.311278,-0.125935,0.164513,-0.167579,0.194649,-0.608465,0.055975,-0.172246,-0.637331,-0.005789,-0.292891,-0.294138,0.909760,-0.523078,-0.223676,0.226256,0.790675,0.033938,0.182251,0.237245,0.953597,0.090685,0.119167,-0.145790,0.977917
1.279706,-2.078098,0.710214,-0.095487,0.006163,0.221320,0.970496,-0.355812,0.452946,0.168119,1.226851,-0.691066,-0.169404,-0.672426,-0.311695,0.029215,1.296355,-0.234023,0.131120,-0.006810,0.033033,0.331313,-0.425125,0.070602,-0.726862,-0.418211,0.152934,-0.053899,0.211091,-0.409650,-0.803952,0.508898,-0.468275,-0.432725,0.174779,-0.126934,0.251319,-0.012163,0.183981,0.295505,-0.131032,0.148092,-0.115812,0.220114,-0.617942,0.012577,-0.232700,-0.612079,-0.003961,-0.266654,-0.301282,0.915483,-0.489753,-0.195352,0.207481,0.823973,0.051987,0.051599,0.201778,0.976689,-0.027069,0.184857,-0.139158,0.972487
1.261537,-2.107285,0.697726,-0.088050,0.019299,0.245232,0.965265,-0.467999,0.449265,0.130185,1.276041,-0.726806,-0.163796,-0.620160,-0.349440,0.153413,1.342922,-0.177845,0.023015,-0.007430,0.028407,0.342799,-0.329270,0.085629,-0.742182,-0.423332,0.152351,-0.050223,0.224202,-0.265896,-0.672141,0.458538,-0.477627,-0.500943,0.147986,-0.115370,0.243885,-0.006179,0.163764,0.278682,-0.126915,0.127171,-0.072338,0.225160,-0.615031,-0.037575,-0.285091,-0.584543,-0.010490,-0.216741,-0.291219,0.931721,-0.455219,-0.160720,0.200102,0.852587,0.052289,0.009436,0.190952,0.980160,-0.138850,0.275707,-0.118614,0.943736
1.246902,-2.134704,0.685468,-0.071252,0.024155,0.246641,0.966182,-0.548382,0.433006,0.098308,1.341781,-0.712655,-0.175454,-0.529310,-0.367110,0.234475,1.319723,-0.149120,0.041538,0.010065,0.018301,0.357954,-0.205788,0.092248,-0.728370,-0.429003,0.151946,-0.042102,0.236358,-0.151147,-0.522527,0.445773,-0.454537,-0.551867,0.132587,-0.104058,0.236197,0.009616,0.140444,0.265134,-0.112297,0.103342,-0.048589,0.221932,-0.605353,-0.081078,-0.321673,-0.568793,-0.018719,-0.152793,-0.253987,0.954879,-0.414316,-0.111066,0.204729,0.879825,0.035889,0.012677,0.184863,0.982027,-0.173261,0.325972,-0.102002,0.923752
1.235682,-2.161994,0.674135,-0.053729,0.026389,0.236665,0.969746,-0.606117,0.437413,0.085482,1.395049,-0.698922,-0.196769,-0.426167,-0.383859,0.236419,1.247029,-0.105546,0.232766,0.042375,0.007873,0.373469,-0.080833,0.081882,-0.696466,-0.441515,0.174773,-0.040994,0.265336,-0.054541,-0.370212,0.460567,-0.415361,-0.547851,0.128854,-0.124322,0.226955,0.030392,0.122012,0.251522,-0.089831,0.080657,-0.033209,0.220607,-0.595845,-0.116799,-0.334645,-0.570489,-0.023630,-0.100209,-0.188256,0.976708,-0.349360,-0.052475,0.209324,0.911799,0.019956,0.016017,0.190142,0.981423,-0.097095,0.349598,-0.129993,0.922744
1.227170,-2.190208,0.665449,-0.040223,0.027448,0.212486,0.975950,-0.642382,0.480521,0.092380,1.420276,-0.704671,-0.224561,-0.349539,-0.453408,0.017861,1.144048,-0.277390,0.247113,0.092791,-0.004027,0.387804,0.025607,0.061492,-0.671911,-0.467403,0.160371,-0.055577,0.279305,0.007805,-0.256547,0.492007,-0.382751,-0.517658,0.118310,-0.148324,0.215311,0.051364,0.112165,0.240862,-0.061684,0.067160,-0.022868,0.227284,-0.589497,-0.128826,-0.293143,-0.607295,-0.053148,-0.062637,-0.123216,0.988974,-0.286927,-0.012326,0.228084,0.930322,0.012922,0.001001,0.210092,0.977596,-0.048157,0.230383,-0.182160,0.954684
1.221775,-2.216538,0.660955,-0.036512,0.026616,0.197870,0.979186,-0.660321,0.508348,0.082687,1.396434,-0.698615,-0.239611,-0.275214,-0.456657,-0.092687,1.034286,-0.545221,0.247623,0.129441,-0.010142,0.400161,0.092818,0.064090,-0.645904,-0.509556,0.144579,-0.069960,0.275629,0.044142,-0.187709,0.523577,-0.372883,-0.530655,0.086182,-0.173958,0.206768,0.069111,0.109662,0.232796,-0.040200,0.064733,-0.013218,0.242123,-0.590931,-0.130097,-0.273404,-0.634721,-0.069461,-0.049536,-0.081126,0.993046,-0.253352,-0.010613,0.241680,0.936638,0.018349,-0.018095,0.215063,0.976260,-0.047169,0.073207,-0.168168,0.981904
1.218562,-2.240844,0.663997,-0.036402,0.022022,0.184544,0.981903,-0.655871,0.532919,0.066680,1.348517,-0.656507,-0.247083,-0.260859,-0.428185,-0.131915,1.003893,-0.650005,0.247683,0.150194,-0.013108,0.414191,0.148490,0.080559,-0.608053,-0.569010,0.148146,-0.081949,0.273936,0.052931,-0.151836,0.553543,-0.379477,-0.527467,0.058174,-0.186046,0.200126,0.086667,0.110879,0.228915,-0.025133,0.067224,-0.010924,0.261907,-0.594991,-0.123551,-0.253761,-0.647083,-0.066790,-0.049494,-0.044981,0.995523,-0.223073,-0.019277,0.255727,0.940463,0.029829,-0.018379,0.218163,0.975283,-0.036346,0.011915,-0.158065,0.986688
1.218003,-2.262951,0.676308,-0.042122,0.016611,0.176793,0.983206,-0.623344,0.564276,0.065071,1.249096,-0.589417,-0.247653,-0.263598,-0.389156,-0.151139,0.999905,-0.612239,0.247729,0.157512,-0.014578,0.424074,0.189587,0.098668,-0.577798,-0.627297,0.135447,-0.085424,0.266081,0.039552,-0.148197,0.572065,-0.397848,-0.512253,0.039207,-0.188001,0.195270,0.098822,0.114372,0.229567,-0.017981,0.072720,-0.010158,0.287859,-0.606224,-0.117669,-0.231480,-0.654658,-0.068282,-0.051057,-0.025965,0.996020,-0.202615,-0.035661,0.266503,0.941622,0.047949,-0.019367,0.223484,0.973335,-0.011829,0.026268,-0.161996,0.986371
1.220390,-2.283346,0.696222,-0.050366,0.012736,0.186891,0.981006,-0.581957,0.582924,0.062578,1.107045,-0.485579,-0.247710,-0.221523,-0.356929,-0.211696,0.938290,-0.526615,0.247763,0.157624,-0.015963,0.423980,0.211126,0.125159,-0.568947,-0.665444,0.120684,-0.081638,0.248531,0.049426,-0.160300,0.568241,-0.424897,-0.479604,0.038899,-0.185615,0.191370,0.103599,0.117821,0.229088,-0.020880,0.076250,-0.002726,0.318152,-0.621329,-0.120566,-0.204773,-0.669045,-0.068048,-0.052718,-0.032496,0.995758,-0.189466,-0.034649,0.265251,0.944745,0.064188,-0.017661,0.222191,0.972728,0.014853,0.052042,-0.182807,0.981658
1.224182,-2.302401,0.721828,-0.057545,0.015201,0.204138,0.977131,-0.547938,0.590608,0.060881,0.952733,-0.329321,-0.247263,-0.183248,-0.319378,-0.262457,0.854903,-0.393010,0.247776,0.152554,-0.016449,0.416065,0.212600,0.155477,-0.571467,-0.690949,0.136357,-0.076928,0.231627,0.080424,-0.186908,0.555216,-0.461224,-0.461787,0.046213,-0.174018,0.189293,0.103998,0.122918,0.225847,-0.029780,0.079381,0.014057,0.346201,-0.635074,-0.118267,-0.180727,-0.684964,-0.051997,-0.064571,-0.051707,0.995215,-0.191257,-0.029318,0.261907,0.945498,0.071327,-0.000311,0.223286,0.972140,0.043837,0.091112,-0.201561,0.974243
1.228067,-2.319709,0.746960,-0.063043,0.023358,0.216103,0.974053,-0.518666,0.609625,0.102125,0.808522,-0.140722,-0.237244,-0.184843,-0.272872,-0.271374,0.790639,-0.221930,0.247774,0.145644,-0.012334,0.406423,0.208715,0.174935,-0.582445,-0.712212,0.167552,-0.073735,0.213193,0.107890,-0.224637,0.542771,-0.506515,-0.490326,0.045072,-0.162070,0.187946,0.101152,0.129527,0.222627,-0.039453,0.085739,0.036479,0.364104,-0.646888,-0.102460,-0.162127,-0.697799,-0.032299,-0.081156,-0.073469,0.993465,-0.212333,-0.044117,0.259937,0.940958,0.067895,0.026516,0.248144,0.965977,0.075313,0.145058,-0.204254,0.965177
1.230140,-2.336053,0.770895,-0.067822,0.031867,0.216095,0.973492,-0.498869,0.598537,0.124194,0.749766,-0.057888,-0.233381,-0.227435,-0.221686,-0.253023,0.779818,-0.093385,0.247765,0.144284,-0.004187,0.398707,0.217604,0.183288,-0.592540,-0.728488,0.190443,-0.067832,0.202443,0.135437,-0.252191,0.550547,-0.545197,-0.493957,0.046634,-0.143571,0.185179,0.099043,0.133863,0.216833,-0.043070,0.090283,0.045162,0.362275,-0.654819,-0.077502,-0.143145,-0.703455,-0.018200,-0.086635,-0.083439,0.992573,-0.212555,-0.048950,0.271428,0.937417,0.058019,0.044372,0.254353,0.964349,0.104652,0.188569,-0.190764,0.957653
1.231527,-2.350970,0.783943,-0.070472,0.037047,0.210290,0.974392,-0.504843,0.525160,0.069188,0.792359,-0.072106,-0.247159,-0.285291,-0.199556,-0.205470,0.819786,-0.079074,0.247771,0.140901,0.002212,0.393219,0.241751,0.186097,-0.599408,-0.733381,0.194937,-0.055493,0.196238,0.161655,-0.276276,0.573009,-0.566216,-0.479956,0.055528,-0.116822,0.181521,0.097143,0.133092,0.208859,-0.044037,0.090216,0.040343,0.339958,-0.659481,-0.057912,-0.143954,-0.700245,-0.013547,-0.073580,-0.088189,0.993290,-0.204906,-0.037458,0.293395,0.933022,0.039779,0.068538,0.217489,0.972841,0.107761,0.194337,-0.167044,0.960582
1.232987,-2.364757,0.788647,-0.071395,0.040640,0.213264,0.973535,-0.511662,0.448913,0.025408,0.865894,-0.097737,-0.247742,-0.323507,-0.214897,-0.165317,0.834375,-0.114417,0.247769,0.125068,0.007103,0.389233,0.266598,0.188896,-0.606401,-0.721399,0.185750,-0.037266,0.189624,0.192147,-0.290705,0.593332,-0.571909,-0.475062,0.062642,-0.105421,0.178978,0.092491,0.127543,0.199959,-0.047525,0.087340,0.029117,0.311387,-0.661310,-0.042216,-0.163510,-0.698387,-0.013668,-0.046855,-0.100854,0.993703,-0.200436,-0.019485,0.300946,0.932136,0.023064,0.099883,0.184181,0.977532,0.091175,0.168762,-0.153568,0.969342
1.235032,-2.377634,0.785937,-0.069239,0.044783,0.223385,0.971236,-0.508028,0.373857,-0.005167,0.930005,-0.087288,-0.247765,-0.340309,-0.254663,-0.174030,0.796526,-0.140458,0.247767,0.102386,0.010267,0.385983,0.279812,0.194583,-0.608919,-0.693189,0.187334,-0.016437,0.179637,0.230841,-0.289284,0.606820,-0.561975,-0.475139,0.070312,-0.107589,0.178102,0.086784,0.118871,0.190306,-0.052462,0.081593,0.014786,0.282786,-0.662075,-0.021766,-0.183173,-0.702543,-0.003545,-0.017939,-0.120743,0.992515,-0.196671,0.007665,0.293753,0.935399,0.003860,0.145829,0.157202,0.976733,0.075967,0.125282,-0.162996,0.975687
1.237628,-2.389489,0.775068,-0.065412,0.049902,0.229543,0.969815,-0.490893,0.355787,-0.032865,0.970425,-0.114168,-0.247621,-0.351399,-0.294934,-0.211920,0.745239,-0.128028,0.247765,0.085355,0.013408,0.381019,0.280481,0.195901,-0.605412,-0.653341,0.207385,-0.001657,0.177697,0.269378,-0.275581,0.612657,-0.538310,-0.480351,0.080623,-0.120220,0.178375,0.082802,0.109918,0.181525,-0.056372,0.074116,-0.005639,0.280951,-0.656703,0.001199,-0.196097,-0.707639,0.017720,0.003026,-0.132840,0.990975,-0.195402,0.037735,0.279256,0.939367,0.008679,0.165172,0.143553,0.975723,0.069695,0.092782,-0.185068,0.975850
1.240392,-2.399787,0.754067,-0.066626,0.051484,0.238736,0.967427,-0.480277,0.437328,0.071880,0.999854,-0.248922,-0.244769,-0.361117,-0.312302,-0.224785,0.747827,-0.137031,0.247768,0.064977,0.023078,0.375372,0.278909,0.190960,-0.599515,-0.606520,0.227288,0.005128,0.184579,0.300978,-0.254682,0.611893,-0.501251,-0.500287,0.088315,-0.140527,0.179306,0.078262,0.101243,0.173728,-0.060865,0.065007,-0.015718,0.275456,-0.654355,0.007176,-0.200467,-0.706761,0.040833,0.021379,-0.140341,0.989030,-0.198796,0.064307,0.257643,0.943379,0.008487,0.101146,0.192535,0.976026,0.067034,0.081585,-0.193886,0.975325
1.243675,-2.409848,0.730984,-0.058215,0.048849,0.241688,0.967374,-0.505680,0.470971,0.088542,1.087136,-0.374122,-0.242011,-0.377414,-0.330723,-0.230948,0.842424,-0.343911,0.247741,0.055562,0.028859,0.375131,0.280821,0.172354,-0.598373,-0.551740,0.221268,0.007566,0.196731,0.331254,-0.240091,0.599483,-0.460645,-0.536973,0.092242,-0.159439,0.178813,0.074397,0.090392,0.167003,-0.065647,0.054573,-0.023042,0.271694,-0.641140,-0.005584,-0.197331,-0.696066,0.043056,0.047807,-0.137870,0.988359,-0.216865,0.089363,0.241277,0.941684,0.016864,0.066047,0.204561,0.976478,0.053117,0.016943,-0.190571,0.980089
1.245826,-2.416283,0.707490,-0.052228,0.040474,0.245800,0.967066,-0.580753,0.455293,0.009494,1.240494,-0.399411,-0.247385,-0.407079,-0.362935,-0.237508,0.974697,-0.492688,0.247756,0.049910,0.033287,0.385299,0.277333,0.152165,-0.593135,-0.506001,0.216102,0.008709,0.229796,0.341337,-0.215827,0.579239,-0.422400,-0.572239,0.090381,-0.184263,0.179883,0.072871,0.080239,0.165616,-0.068941,0.045542,-0.028181,0.272021,-0.612180,-0.020654,-0.194030,-0.677817,0.044078,0.071043,-0.121071,0.989117,-0.232312,0.105273,0.220898,0.941357,0.018942,0.102503,0.191814,0.975880,0.043039,-0.009480,-0.199276,0.978952
1.248339,-2.420307,0.684937,-0.042865,0.031946,0.251750,0.966315,-0.676595,0.410375,-0.086802,1.412148,-0.335654,-0.247679,-0.434682,-0.394784,-0.228490,1.097336,-0.596857,0.247755,0.040805,0.036889,0.400856,0.272332,0.126302,-0.590942,-0.476867,0.209143,-0.003067,0.260625,0.339588,-0.185249,0.554934,-0.396386,-0.581041,0.086411,-0.201884,0.182418,0.069629,0.074294,0.167525,-0.071820,0.038978,-0.026048,0.270245,-0.576451,-0.035801,-0.194841,-0.657486,0.035935,0.082354,-0.105521,0.990349,-0.232160,0.118989,0.197584,0.944936,0.018656,0.182156,0.179511,0.966565,0.032071,-0.015858,-0.205854,0.977928
1.251952,-2.421782,0.669983,-0.027832,0.024067,0.260259,0.964838,-0.775678,0.381334,-0.151470,1.556323,-0.276124,-0.247304,-0.449709,-0.428281,-0.207650,1.199904,-0.675351,0.247746,0.029261,0.037733,0.415083,0.275733,0.098217,-0.598543,-0.464639,0.193736,-0.023521,0.282182,0.332220,-0.157989,0.524090,-0.385753,-0.561077,0.085973,-0.208601,0.183831,0.064020,0.072396,0.171533,-0.076481,0.034999,-0.014606,0.268330,-0.543726,-0.054179,-0.201337,-0.636870,0.014370,0.087026,-0.095836,0.991481,-0.221259,0.132713,0.171896,0.950728,0.019754,0.237830,0.180308,0.954220,0.016444,-0.011680,-0.209972,0.977499
1.255062,-2.418790,0.657534,-0.019910,0.016059,0.267280,0.963279,-0.869325,0.443163,-0.159593,1.616308,-0.312596,-0.239064,-0.442572,-0.449999,-0.201938,1.258323,-0.753951,0.247747,0.025639,0.038006,0.424418,0.278099,0.094383,-0.612272,-0.473017,0.188527,-0.037300,0.288894,0.308609,-0.150935,0.489960,-0.382165,-0.595749,0.073205,-0.211291,0.183833,0.060893,0.074117,0.179581,-0.081726,0.034800,0.005069,0.275894,-0.526156,-0.070867,-0.203428,-0.623545,0.002404,0.083361,-0.097070,0.991777,-0.241740,0.117439,0.157879,0.950181,0.026980,0.202982,0.210705,0.955863,0.003170,-0.018811,-0.211660,0.977157
1.257840,-2.410944,0.648198,-0.016914,0.011289,0.271153,0.962321,-0.958135,0.499769,-0.150081,1.600737,-0.345566,-0.174696,-0.442444,-0.468379,-0.194181,1.306885,-0.776784,0.247752,0.029643,0.039920,0.432039,0.278376,0.113929,-0.621486,-0.505634,0.207620,-0.051138,0.282570,0.281182,-0.131725,0.467043,-0.385595,-0.602304,0.058287,-0.204573,0.183898,0.062162,0.080196,0.188973,-0.081276,0.037321,0.039373,0.285738,-0.524142,-0.082251,-0.205530,-0.611967,0.007962,0.064656,-0.104863,0.992351,-0.239508,0.100252,0.150638,0.953883,0.056304,0.141882,0.228883,0.961411,-0.003812,-0.006927,-0.217050,0.976128
1.260463,-2.397720,0.642549,-0.018811,0.007995,0.275237,0.961159,-1.030057,0.526362,-0.140657,1.522302,-0.366189,-0.162489,-0.428462,-0.484722,-0.196079,1.325299,-0.780403,0.247763,0.036984,0.043142,0.436410,0.288716,0.128736,-0.627977,-0.557850,0.226755,-0.061785,0.285890,0.253537,-0.112640,0.448527,-0.392708,-0.589224,0.036584,-0.209399,0.183439,0.065382,0.090324,0.198479,-0.079507,0.041971,0.085419,0.300387,-0.530654,-0.093241,-0.207641,-0.605996,0.010445,0.041367,-0.100218,0.994050,-0.225569,0.078074,0.140075,0.960938,0.063764,0.060191,0.233123,0.968486,-0.009734,0.005114,-0.224060,0.974513
1.263501,-2.379374,0.641626,-0.025324,0.005346,0.278994,0.959944,-1.073717,0.547916,-0.124129,1.405126,-0.360470,-0.161906,-0.389909,-0.483479,-0.204124,1.298413,-0.780704,0.247753,0.046544,0.048298,0.435367,0.294971,0.134662,-0.631395,-0.616786,0.223149,-0.061501,0.289519,0.215244,-0.110400,0.437633,-0.406224,-0.617269,0.021043,-0.210059,0.183997,0.069029,0.102659,0.209035,-0.077072,0.049519,0.132325,0.318650,-0.538802,-0.106470,-0.208577,-0.608620,0.002258,0.018897,-0.089088,0.995842,-0.233926,0.040224,0.139297,0.961383,0.067382,-0.016206,0.234590,0.969621,-0.014111,0.009860,-0.222988,0.974669